اولویت,کدرشته‌محل,رشته,دانشگاه,دوره,شروع,شرط/یادداشت,صفحه رسمی 1405,وضعیت ممیزی
1,31606,دندان‌پزشکی,علوم پزشکی تبریز,روزانه,1405,روزانهٔ عادی؛ برای شهر دور، فقط با حل اقامت,47,کد، رشته و نوع دوره با دفترچه تطبیق شد
2,31706,دندان‌پزشکی,علوم پزشکی ارومیه,روزانه,1405,روزانهٔ عادی؛ برای شهر دور، فقط با حل اقامت,51,کد، رشته و نوع دوره با دفترچه تطبیق شد
3,31782,دندان‌پزشکی,علوم پزشکی اردبیل,روزانه,1405,روزانهٔ عادی؛ برای شهر دور، فقط با حل اقامت,54,کد، رشته و نوع دوره با دفترچه تطبیق شد
4,31783,دندان‌پزشکی,علوم پزشکی اردبیل,روزانه,1405,روزانهٔ عادی؛ برای شهر دور، فقط با حل اقامت,54,کد، رشته و نوع دوره با دفترچه تطبیق شد
5,32733,دندان‌پزشکی,علوم پزشکی زنجان,روزانه,1405,روزانهٔ عادی؛ برای شهر دور، فقط با حل اقامت,92,کد، رشته و نوع دوره با دفترچه تطبیق شد
6,32124,دندان‌پزشکی,علوم پزشکی تهران,روزانه,1405,روزانهٔ عادی؛ برای شهر دور، فقط با حل اقامت,71,کد، رشته و نوع دوره با دفترچه تطبیق شد
7,32161,دندان‌پزشکی,علوم پزشکی شهیدبهشتی,روزانه,1405,روزانهٔ عادی؛ برای شهر دور، فقط با حل اقامت,72,کد، رشته و نوع دوره با دفترچه تطبیق شد
8,32162,دندان‌پزشکی,علوم پزشکی شهیدبهشتی,روزانه,1405,روزانهٔ عادی؛ برای شهر دور، فقط با حل اقامت,72,کد، رشته و نوع دوره با دفترچه تطبیق شد
9,31835,دندان‌پزشکی,علوم پزشکی اصفهان,روزانه,1405,روزانهٔ عادی؛ برای شهر دور، فقط با حل اقامت,56,کد، رشته و نوع دوره با دفترچه تطبیق شد
10,32446,دندان‌پزشکی,علوم پزشکی مشهد,روزانه,1405,روزانهٔ عادی؛ برای شهر دور، فقط با حل اقامت,81,کد، رشته و نوع دوره با دفترچه تطبیق شد
11,32448,دندان‌پزشکی,علوم پزشکی مشهد,روزانه,1405,روزانهٔ عادی؛ برای شهر دور، فقط با حل اقامت,81,کد، رشته و نوع دوره با دفترچه تطبیق شد
12,32964,دندان‌پزشکی,علوم پزشکی شیراز,روزانه,1405,روزانهٔ عادی؛ برای شهر دور، فقط با حل اقامت,103,کد، رشته و نوع دوره با دفترچه تطبیق شد
13,33771,دندان‌پزشکی,علوم پزشکی همدان,روزانه,1405,روزانهٔ عادی؛ برای شهر دور، فقط با حل اقامت,133,کد، رشته و نوع دوره با دفترچه تطبیق شد
14,33847,دندان‌پزشکی,علوم پزشکی یزد,روزانه,1405,روزانهٔ عادی؛ برای شهر دور، فقط با حل اقامت,136,کد، رشته و نوع دوره با دفترچه تطبیق شد
15,33258,دندان‌پزشکی,علوم پزشکی کرمان,روزانه,1405,روزانهٔ عادی؛ برای شهر دور، فقط با حل اقامت,115,کد، رشته و نوع دوره با دفترچه تطبیق شد
16,33578,دندان‌پزشکی,علوم پزشکی مازندران ساری,روزانه,1405,روزانهٔ عادی؛ برای شهر دور، فقط با حل اقامت,126,کد، رشته و نوع دوره با دفترچه تطبیق شد
17,33533,دندان‌پزشکی,علوم پزشکی بابل,روزانه,1405,روزانهٔ عادی؛ برای شهر دور، فقط با حل اقامت,124,کد، رشته و نوع دوره با دفترچه تطبیق شد
18,33534,دندان‌پزشکی,علوم پزشکی بابل,روزانه,1405,روزانهٔ عادی؛ برای شهر دور، فقط با حل اقامت,125,کد، رشته و نوع دوره با دفترچه تطبیق شد
19,33099,دندان‌پزشکی,علوم پزشکی قزوین,روزانه,1405,روزانهٔ عادی؛ برای شهر دور، فقط با حل اقامت,108,کد، رشته و نوع دوره با دفترچه تطبیق شد
20,33637,دندان‌پزشکی,علوم پزشکی اراک,روزانه,1405,روزانهٔ عادی؛ برای شهر دور، فقط با حل اقامت,128,کد، رشته و نوع دوره با دفترچه تطبیق شد
21,33323,دندان‌پزشکی,علوم پزشکی کرمانشاه,روزانه,1405,روزانهٔ عادی؛ برای شهر دور، فقط با حل اقامت,117,کد، رشته و نوع دوره با دفترچه تطبیق شد
22,33156,دندان‌پزشکی,علوم پزشکی کردستان سنندج,روزانه,1405,روزانهٔ عادی؛ برای شهر دور، فقط با حل اقامت,110,کد، رشته و نوع دوره با دفترچه تطبیق شد
23,33373,دندان‌پزشکی,علوم پزشکی یاسوج,روزانه,1405,روزانهٔ عادی؛ برای شهر دور، فقط با حل اقامت,118,کد، رشته و نوع دوره با دفترچه تطبیق شد
24,33396,دندان‌پزشکی,علوم پزشکی گلستان گرگان,روزانه,1405,روزانهٔ عادی؛ برای شهر دور، فقط با حل اقامت,119,کد، رشته و نوع دوره با دفترچه تطبیق شد
25,33430,دندان‌پزشکی,علوم پزشکی گیلان رشت,روزانه,1405,روزانهٔ عادی؛ برای شهر دور، فقط با حل اقامت,120,کد، رشته و نوع دوره با دفترچه تطبیق شد
26,33431,دندان‌پزشکی,علوم پزشکی گیلان رشت,روزانه,1405,روزانهٔ عادی؛ برای شهر دور، فقط با حل اقامت,120,کد، رشته و نوع دوره با دفترچه تطبیق شد
27,31889,دندان‌پزشکی,علوم پزشکی کاشان,روزانه,1405,روزانهٔ عادی؛ برای شهر دور، فقط با حل اقامت,57,کد، رشته و نوع دوره با دفترچه تطبیق شد
28,33524,دندان‌پزشکی,علوم پزشکی لرستان خرم‌آباد,روزانه,1405,روزانهٔ عادی؛ برای شهر دور، فقط با حل اقامت,123,کد، رشته و نوع دوره با دفترچه تطبیق شد
29,33124,دندان‌پزشکی,علوم پزشکی قم,روزانه,1405,روزانهٔ عادی؛ برای شهر دور، فقط با حل اقامت,108,کد، رشته و نوع دوره با دفترچه تطبیق شد
30,31995,دندان‌پزشکی,علوم پزشکی بوشهر,روزانه,1405,روزانهٔ عادی؛ برای شهر دور، فقط با حل اقامت,61,کد، رشته و نوع دوره با دفترچه تطبیق شد
31,32776,دندان‌پزشکی,علوم پزشکی سمنان,روزانه,1405,روزانهٔ عادی؛ برای شهر دور، فقط با حل اقامت,93,کد، رشته و نوع دوره با دفترچه تطبیق شد
32,31962,دندان‌پزشکی,علوم پزشکی ایلام,روزانه,1405,روزانهٔ عادی؛ برای شهر دور، فقط با حل اقامت,59,کد، رشته و نوع دوره با دفترچه تطبیق شد
33,32245,دندان‌پزشکی,علوم پزشکی شهرکرد,روزانه,1405,روزانهٔ عادی؛ برای شهر دور، فقط با حل اقامت,74,کد، رشته و نوع دوره با دفترچه تطبیق شد
34,32284,دندان‌پزشکی,علوم پزشکی بیرجند,روزانه,1405,روزانهٔ عادی؛ برای شهر دور، فقط با حل اقامت,76,کد، رشته و نوع دوره با دفترچه تطبیق شد
35,32285,دندان‌پزشکی,علوم پزشکی بیرجند,روزانه,1405,روزانهٔ عادی؛ برای شهر دور، فقط با حل اقامت,76,کد، رشته و نوع دوره با دفترچه تطبیق شد
36,32882,دندان‌پزشکی,علوم پزشکی زاهدان,روزانه,1405,روزانهٔ عادی؛ برای شهر دور، فقط با حل اقامت,99,کد، رشته و نوع دوره با دفترچه تطبیق شد
37,32883,دندان‌پزشکی,علوم پزشکی زاهدان,روزانه,1405,روزانهٔ عادی؛ برای شهر دور، فقط با حل اقامت,99,کد، رشته و نوع دوره با دفترچه تطبیق شد
38,32884,دندان‌پزشکی,علوم پزشکی زاهدان,روزانه,1405,روزانهٔ عادی؛ برای شهر دور، فقط با حل اقامت,99,کد، رشته و نوع دوره با دفترچه تطبیق شد
39,32589,دندان‌پزشکی,جندی‌شاپور اهواز,روزانه,1405,روزانهٔ عادی؛ برای شهر دور، فقط با حل اقامت,86,کد، رشته و نوع دوره با دفترچه تطبیق شد
40,32541,دندان‌پزشکی,علوم پزشکی بجنورد,روزانه,1405,روزانهٔ عادی؛ برای شهر دور، فقط با حل اقامت,84,کد، رشته و نوع دوره با دفترچه تطبیق شد
41,33724,دندان‌پزشکی,علوم پزشکی هرمزگان بندرعباس,روزانه,1405,روزانهٔ عادی؛ برای شهر دور، فقط با حل اقامت,131,کد، رشته و نوع دوره با دفترچه تطبیق شد
42,33892,دندان‌پزشکی,علوم پزشکی تبریز,روزانه,مهر 1406,شروع مهر ۱۴۰۶؛ فقط با پذیرش تأخیر یک‌ساله,139,کد، رشته و نوع دوره با دفترچه تطبیق شد
43,33898,دندان‌پزشکی,علوم پزشکی ارومیه,روزانه,مهر 1406,شروع مهر ۱۴۰۶؛ فقط با پذیرش تأخیر یک‌ساله,139,کد، رشته و نوع دوره با دفترچه تطبیق شد
44,33926,دندان‌پزشکی,علوم پزشکی تهران,روزانه,مهر 1406,شروع مهر ۱۴۰۶؛ فقط با پذیرش تأخیر یک‌ساله,140,کد، رشته و نوع دوره با دفترچه تطبیق شد
45,33928,دندان‌پزشکی,علوم پزشکی شهیدبهشتی,روزانه,مهر 1406,شروع مهر ۱۴۰۶؛ فقط با پذیرش تأخیر یک‌ساله,141,کد، رشته و نوع دوره با دفترچه تطبیق شد
46,33905,دندان‌پزشکی,علوم پزشکی اصفهان,روزانه,مهر 1406,شروع مهر ۱۴۰۶؛ فقط با پذیرش تأخیر یک‌ساله,139,کد، رشته و نوع دوره با دفترچه تطبیق شد
47,33939,دندان‌پزشکی,علوم پزشکی مشهد,روزانه,مهر 1406,شروع مهر ۱۴۰۶؛ فقط با پذیرش تأخیر یک‌ساله,141,کد، رشته و نوع دوره با دفترچه تطبیق شد
48,33965,دندان‌پزشکی,علوم پزشکی شیراز,روزانه,مهر 1406,شروع مهر ۱۴۰۶؛ فقط با پذیرش تأخیر یک‌ساله,143,کد، رشته و نوع دوره با دفترچه تطبیق شد
49,33972,دندان‌پزشکی,علوم پزشکی قزوین,روزانه,مهر 1406,شروع مهر ۱۴۰۶؛ فقط با پذیرش تأخیر یک‌ساله,143,کد، رشته و نوع دوره با دفترچه تطبیق شد
50,33979,دندان‌پزشکی,علوم پزشکی کردستان سنندج,روزانه,مهر 1406,شروع مهر ۱۴۰۶؛ فقط با پذیرش تأخیر یک‌ساله,143,کد، رشته و نوع دوره با دفترچه تطبیق شد
51,33987,دندان‌پزشکی,علوم پزشکی کرمان,روزانه,مهر 1406,شروع مهر ۱۴۰۶؛ فقط با پذیرش تأخیر یک‌ساله,144,کد، رشته و نوع دوره با دفترچه تطبیق شد
52,33992,دندان‌پزشکی,علوم پزشکی کرمانشاه,روزانه,مهر 1406,شروع مهر ۱۴۰۶؛ فقط با پذیرش تأخیر یک‌ساله,144,کد، رشته و نوع دوره با دفترچه تطبیق شد
53,33998,دندان‌پزشکی,علوم پزشکی گلستان گرگان,روزانه,مهر 1406,شروع مهر ۱۴۰۶؛ فقط با پذیرش تأخیر یک‌ساله,145,کد، رشته و نوع دوره با دفترچه تطبیق شد
54,34018,دندان‌پزشکی,علوم پزشکی همدان,روزانه,مهر 1406,شروع مهر ۱۴۰۶؛ فقط با پذیرش تأخیر یک‌ساله,146,کد، رشته و نوع دوره با دفترچه تطبیق شد
55,34021,دندان‌پزشکی,علوم پزشکی یزد,روزانه,مهر 1406,شروع مهر ۱۴۰۶؛ فقط با پذیرش تأخیر یک‌ساله,146,کد، رشته و نوع دوره با دفترچه تطبیق شد
56,33984,دندان‌پزشکی,علوم پزشکی رفسنجان,روزانه,مهر 1406,شروع مهر ۱۴۰۶؛ فقط با پذیرش تأخیر یک‌ساله,144,کد، رشته و نوع دوره با دفترچه تطبیق شد
57,34009,دندان‌پزشکی,علوم پزشکی اراک,روزانه,مهر 1406,شروع مهر ۱۴۰۶؛ فقط با پذیرش تأخیر یک‌ساله,145,کد، رشته و نوع دوره با دفترچه تطبیق شد
58,34002,دندان‌پزشکی,علوم پزشکی لرستان خرم‌آباد,روزانه,مهر 1406,شروع مهر ۱۴۰۶؛ فقط با پذیرش تأخیر یک‌ساله,145,کد، رشته و نوع دوره با دفترچه تطبیق شد
59,33954,دندان‌پزشکی,علوم پزشکی زنجان,روزانه,مهر 1406,شروع مهر ۱۴۰۶؛ فقط با پذیرش تأخیر یک‌ساله,142,کد، رشته و نوع دوره با دفترچه تطبیق شد
60,33920,دندان‌پزشکی,علوم پزشکی بوشهر,روزانه,مهر 1406,شروع مهر ۱۴۰۶؛ فقط با پذیرش تأخیر یک‌ساله,140,کد، رشته و نوع دوره با دفترچه تطبیق شد
61,38602,دندان‌پزشکی تعهدی,علوم پزشکی تبریز,تعهد خدمت,1405,فقط با پذیرش تعهد خدمت ۱٫۵ برابر؛ اولویت بومی آذربایجان شرقی,148,کد، رشته و نوع دوره با دفترچه تطبیق شد
62,31635,دندان‌پزشکی,علوم پزشکی تبریز,شهریه‌پرداز,1405,فقط پس از استعلام کتبی شهریه و تأیید بودجه,48,کد، رشته و نوع دوره با دفترچه تطبیق شد
63,31699,دندان‌پزشکی,آزاد علوم پزشکی تبریز,آزاد تمام‌وقت,1405,فقط با بودجهٔ قطعی چندساله,51,کد، رشته و نوع دوره با دفترچه تطبیق شد
64,31701,دندان‌پزشکی,آزاد علوم پزشکی تبریز,خودگردان آزاد,1405,فقط با بودجهٔ قطعی؛ پرهزینه‌ترین پشتیبان تبریز,51,کد، رشته و نوع دوره با دفترچه تطبیق شد
65,33894,دندان‌پزشکی,علوم پزشکی تبریز,شهریه‌پرداز,مهر 1406,تأخیر یک‌ساله + شهریه؛ فقط با تأیید صریح,139,کد، رشته و نوع دوره با دفترچه تطبیق شد
66,33900,دندان‌پزشکی,علوم پزشکی ارومیه,شهریه‌پرداز,مهر 1406,تأخیر یک‌ساله + اقامت + شهریه؛ فقط با تأیید صریح,139,کد، رشته و نوع دوره با دفترچه تطبیق شد
67,31884,دندان‌پزشکی,علوم پزشکی اصفهان,شهریه‌پرداز,1405,پشتیبان پرداختیِ دور؛ خوابگاه را قطعی فرض نکنید,57,کد، رشته و نوع دوره با دفترچه تطبیق شد
68,31922,دندان‌پزشکی,آزاد اصفهان ـ خوراسگان,آزاد تمام‌وقت,1405,پشتیبان پرداختیِ دور,58,کد، رشته و نوع دوره با دفترچه تطبیق شد
69,31923,دندان‌پزشکی,آزاد اصفهان ـ خوراسگان,آزاد تمام‌وقت,1405,پشتیبان پرداختیِ دور / نیمسال دیگر,58,کد، رشته و نوع دوره با دفترچه تطبیق شد
70,32194,دندان‌پزشکی,علوم پزشکی شهیدبهشتی,شهریه‌پرداز,1405,پشتیبان پرداختیِ دور,73,کد، رشته و نوع دوره با دفترچه تطبیق شد
71,32195,دندان‌پزشکی,علوم پزشکی شهیدبهشتی,شهریه‌پرداز,1405,پشتیبان پرداختیِ دور / نیمسال دیگر,73,کد، رشته و نوع دوره با دفترچه تطبیق شد
72,32233,دندان‌پزشکی,آزاد پزشکی تهران,آزاد تمام‌وقت,1405,پشتیبان پرداختیِ دور,74,کد، رشته و نوع دوره با دفترچه تطبیق شد
73,32234,دندان‌پزشکی,آزاد پزشکی تهران,آزاد تمام‌وقت,1405,پشتیبان پرداختیِ دور / نیمسال دیگر,74,کد، رشته و نوع دوره با دفترچه تطبیق شد
74,31622,فیزیوتراپی,علوم پزشکی تبریز,روزانه,1405,پشتیبان پس از تمام دندان‌پزشکی‌ها,48,کد، رشته و نوع دوره با دفترچه تطبیق شد
75,32142,فیزیوتراپی,علوم پزشکی تهران,روزانه,1405,پشتیبان پس از تمام دندان‌پزشکی‌ها,71,کد، رشته و نوع دوره با دفترچه تطبیق شد
76,32184,فیزیوتراپی,علوم پزشکی شهیدبهشتی,روزانه,1405,پشتیبان پس از تمام دندان‌پزشکی‌ها,72,کد، رشته و نوع دوره با دفترچه تطبیق شد
77,32102,فیزیوتراپی,علوم پزشکی ایران,روزانه,1405,پشتیبان پس از تمام دندان‌پزشکی‌ها,70,کد، رشته و نوع دوره با دفترچه تطبیق شد
78,32220,فیزیوتراپی,علوم توانبخشی و سلامت اجتماعی تهران,روزانه,1405,پشتیبان پس از تمام دندان‌پزشکی‌ها,74,کد، رشته و نوع دوره با دفترچه تطبیق شد
79,31853,فیزیوتراپی,علوم پزشکی اصفهان,روزانه,1405,پشتیبان پس از تمام دندان‌پزشکی‌ها,56,کد، رشته و نوع دوره با دفترچه تطبیق شد
80,32463,فیزیوتراپی,علوم پزشکی مشهد,روزانه,1405,پشتیبان پس از تمام دندان‌پزشکی‌ها,81,کد، رشته و نوع دوره با دفترچه تطبیق شد
81,32981,فیزیوتراپی,علوم پزشکی شیراز,روزانه,1405,پشتیبان پس از تمام دندان‌پزشکی‌ها,103,کد، رشته و نوع دوره با دفترچه تطبیق شد
82,33270,فیزیوتراپی,علوم پزشکی کرمان,روزانه,1405,پشتیبان پس از تمام دندان‌پزشکی‌ها,115,کد، رشته و نوع دوره با دفترچه تطبیق شد
83,33338,فیزیوتراپی,علوم پزشکی کرمانشاه,روزانه,1405,پشتیبان پس از تمام دندان‌پزشکی‌ها,117,کد، رشته و نوع دوره با دفترچه تطبیق شد
84,33787,فیزیوتراپی,علوم پزشکی همدان,روزانه,1405,پشتیبان پس از تمام دندان‌پزشکی‌ها,134,کد، رشته و نوع دوره با دفترچه تطبیق شد
85,33850,فیزیوتراپی,علوم پزشکی یزد,روزانه,1405,پشتیبان پس از تمام دندان‌پزشکی‌ها,136,کد، رشته و نوع دوره با دفترچه تطبیق شد
86,33548,فیزیوتراپی,علوم پزشکی بابل,روزانه,1405,پشتیبان پس از تمام دندان‌پزشکی‌ها,125,کد، رشته و نوع دوره با دفترچه تطبیق شد
87,32780,فیزیوتراپی,علوم پزشکی سمنان,روزانه,1405,پشتیبان پس از تمام دندان‌پزشکی‌ها,94,کد، رشته و نوع دوره با دفترچه تطبیق شد
88,32605,فیزیوتراپی,جندی‌شاپور اهواز,روزانه,1405,پشتیبان پس از تمام دندان‌پزشکی‌ها,87,کد، رشته و نوع دوره با دفترچه تطبیق شد
89,32901,فیزیوتراپی,علوم پزشکی زاهدان,روزانه,1405,پشتیبان پس از تمام دندان‌پزشکی‌ها,100,کد، رشته و نوع دوره با دفترچه تطبیق شد
90,31604,داروسازی,علوم پزشکی تبریز,روزانه,1405,تبریز؛ نیمسال اول,47,کد، رشته و نوع دوره با دفترچه تطبیق شد
91,31605,داروسازی,علوم پزشکی تبریز,روزانه,1405,تبریز؛ نیمسال دیگر,47,کد، رشته و نوع دوره با دفترچه تطبیق شد
92,31705,داروسازی,علوم پزشکی ارومیه,روزانه,1405,نیازمند اقامت؛ خوابگاه تضمین نیست,51,کد، رشته و نوع دوره با دفترچه تطبیق شد
93,31781,داروسازی,علوم پزشکی اردبیل,روزانه,1405,نیازمند اقامت؛ فاقد خوابگاه,54,کد، رشته و نوع دوره با دفترچه تطبیق شد
94,32731,داروسازی,علوم پزشکی زنجان,روزانه,1405,نیازمند اقامت؛ فاقد خوابگاه,92,کد، رشته و نوع دوره با دفترچه تطبیق شد
95,32732,داروسازی,علوم پزشکی زنجان,روزانه,1405,نیازمند اقامت؛ فاقد خوابگاه / نیمسال دیگر,92,کد، رشته و نوع دوره با دفترچه تطبیق شد
96,31834,داروسازی,علوم پزشکی اصفهان,روزانه,1405,پشتیبان روزانه,56,کد، رشته و نوع دوره با دفترچه تطبیق شد
97,31932,داروسازی,علوم پزشکی البرز ـ کرج,روزانه,1405,پشتیبان روزانه؛ فاقد خوابگاه,59,کد، رشته و نوع دوره با دفترچه تطبیق شد
98,32089,داروسازی,علوم پزشکی ایران,روزانه,1405,پشتیبان روزانه,70,کد، رشته و نوع دوره با دفترچه تطبیق شد
99,32123,داروسازی,علوم پزشکی تهران,روزانه,1405,پشتیبان روزانه,71,کد، رشته و نوع دوره با دفترچه تطبیق شد
100,32160,داروسازی,علوم پزشکی شهیدبهشتی,روزانه,1405,پشتیبان روزانه,72,کد، رشته و نوع دوره با دفترچه تطبیق شد
101,32283,داروسازی,علوم پزشکی شهرکرد,روزانه,1405,پشتیبان روزانه,76,کد، رشته و نوع دوره با دفترچه تطبیق شد
102,32444,داروسازی,علوم پزشکی مشهد,روزانه,1405,پشتیبان روزانه,81,کد، رشته و نوع دوره با دفترچه تطبیق شد
103,32445,داروسازی,علوم پزشکی مشهد,روزانه,1405,پشتیبان روزانه / نیمسال دیگر,81,کد، رشته و نوع دوره با دفترچه تطبیق شد
104,32963,داروسازی,علوم پزشکی شیراز,روزانه,1405,پشتیبان روزانه,103,کد، رشته و نوع دوره با دفترچه تطبیق شد
105,33322,داروسازی,علوم پزشکی کرمانشاه,روزانه,1405,پشتیبان روزانه,117,کد، رشته و نوع دوره با دفترچه تطبیق شد
106,33464,داروسازی,علوم پزشکی گیلان ـ رشت,روزانه,1405,پشتیبان روزانه,121,کد، رشته و نوع دوره با دفترچه تطبیق شد
107,33723,داروسازی,علوم پزشکی هرمزگان ـ بندرعباس,روزانه,1405,پشتیبان روزانه؛ فاقد خوابگاه,131,کد، رشته و نوع دوره با دفترچه تطبیق شد
108,33770,داروسازی,علوم پزشکی همدان,روزانه,1405,پشتیبان روزانه,133,کد، رشته و نوع دوره با دفترچه تطبیق شد
109,33846,داروسازی,علوم پزشکی یزد,روزانه,1405,روزانه؛ عدم تعهد در واگذاری خوابگاه,136,کد، رشته و نوع دوره با دفترچه تطبیق شد
110,31633,داروسازی,علوم پزشکی تبریز,شهریه‌پرداز,1405,فقط با تأیید بودجه,48,کد، رشته و نوع دوره با دفترچه تطبیق شد
111,31634,داروسازی,علوم پزشکی تبریز,شهریه‌پرداز,1405,فقط با تأیید بودجه / نیمسال دیگر,48,کد، رشته و نوع دوره با دفترچه تطبیق شد
112,31725,داروسازی,علوم پزشکی ارومیه,شهریه‌پرداز,1405,فقط با بودجه و برنامه اقامت,52,کد، رشته و نوع دوره با دفترچه تطبیق شد
113,31863,داروسازی,علوم پزشکی اصفهان,شهریه‌پرداز,1405,پشتیبان پرداختی,56,کد، رشته و نوع دوره با دفترچه تطبیق شد
114,32111,داروسازی,علوم پزشکی ایران,شهریه‌پرداز,1405,پشتیبان پرداختی,70,کد، رشته و نوع دوره با دفترچه تطبیق شد
115,32149,داروسازی,علوم پزشکی تهران,شهریه‌پرداز,1405,پشتیبان پرداختی,71,کد، رشته و نوع دوره با دفترچه تطبیق شد
116,32193,داروسازی,علوم پزشکی شهیدبهشتی,شهریه‌پرداز,1405,پشتیبان پرداختی,73,کد، رشته و نوع دوره با دفترچه تطبیق شد
117,32231,داروسازی,آزاد پزشکی تهران,آزاد تمام‌وقت,1405,پشتیبان پرداختی,74,کد، رشته و نوع دوره با دفترچه تطبیق شد
118,32232,داروسازی,آزاد پزشکی تهران,آزاد تمام‌وقت,1405,پشتیبان پرداختی / نیمسال دیگر,74,کد، رشته و نوع دوره با دفترچه تطبیق شد
119,32238,داروسازی,آزاد پزشکی تهران,خودگردان آزاد,1405,پشتیبان پرداختیِ پرهزینه,74,کد، رشته و نوع دوره با دفترچه تطبیق شد
120,32239,داروسازی,آزاد پزشکی تهران,خودگردان آزاد,1405,پشتیبان پرداختیِ پرهزینه / نیمسال دیگر,74,کد، رشته و نوع دوره با دفترچه تطبیق شد
121,32301,داروسازی,علوم پزشکی شهرکرد,شهریه‌پرداز,1405,پشتیبان پرداختی,76,کد، رشته و نوع دوره با دفترچه تطبیق شد
122,32470,داروسازی,علوم پزشکی مشهد,شهریه‌پرداز,1405,پشتیبان پرداختی,82,کد، رشته و نوع دوره با دفترچه تطبیق شد
123,32471,داروسازی,علوم پزشکی مشهد,شهریه‌پرداز,1405,پشتیبان پرداختی / نیمسال دیگر,82,کد، رشته و نوع دوره با دفترچه تطبیق شد
124,32991,داروسازی,علوم پزشکی شیراز,شهریه‌پرداز,1405,پشتیبان پرداختی,103,کد، رشته و نوع دوره با دفترچه تطبیق شد
125,33278,داروسازی,علوم پزشکی کرمان,شهریه‌پرداز,1405,پشتیبان پرداختی,115,کد، رشته و نوع دوره با دفترچه تطبیق شد
126,33347,داروسازی,علوم پزشکی کرمانشاه,شهریه‌پرداز,1405,پشتیبان پرداختی,118,کد، رشته و نوع دوره با دفترچه تطبیق شد
127,33626,داروسازی,علوم پزشکی مازندران ـ ساری,شهریه‌پرداز,1405,پشتیبان پرداختی,127,کد، رشته و نوع دوره با دفترچه تطبیق شد
128,33628,داروسازی,آزاد آیت‌الله آملی,آزاد تمام‌وقت,1405,پشتیبان پرداختی,127,کد، رشته و نوع دوره با دفترچه تطبیق شد
129,33797,داروسازی,علوم پزشکی همدان,شهریه‌پرداز,1405,پشتیبان پرداختی,134,کد، رشته و نوع دوره با دفترچه تطبیق شد
130,33886,داروسازی,علوم پزشکی یزد,شهریه‌پرداز,1405,پشتیبان پرداختی,137,کد، رشته و نوع دوره با دفترچه تطبیق شد
131,31601,پزشکی,علوم پزشکی تبریز,روزانه,1405,پشتیبان نهایی؛ برای شهر دور، فقط با حل اقامت,47,کد، رشته و نوع دوره با دفترچه تطبیق شد
132,31603,پزشکی,علوم پزشکی تبریز,روزانه,1405,پشتیبان نهایی؛ برای شهر دور، فقط با حل اقامت,47,کد، رشته و نوع دوره با دفترچه تطبیق شد
133,31702,پزشکی,علوم پزشکی ارومیه,روزانه,1405,پشتیبان نهایی؛ برای شهر دور، فقط با حل اقامت,51,کد، رشته و نوع دوره با دفترچه تطبیق شد
134,31704,پزشکی,علوم پزشکی ارومیه,روزانه,1405,پشتیبان نهایی؛ برای شهر دور، فقط با حل اقامت,51,کد، رشته و نوع دوره با دفترچه تطبیق شد
135,31779,پزشکی,علوم پزشکی اردبیل,روزانه,1405,پشتیبان نهایی؛ برای شهر دور، فقط با حل اقامت,54,کد، رشته و نوع دوره با دفترچه تطبیق شد
136,31780,پزشکی,علوم پزشکی اردبیل,روزانه,1405,پشتیبان نهایی؛ برای شهر دور، فقط با حل اقامت,54,کد، رشته و نوع دوره با دفترچه تطبیق شد
137,32728,پزشکی,علوم پزشکی زنجان,روزانه,1405,نیازمند اقامت؛ فاقد خوابگاه,91,کد، رشته و نوع دوره با دفترچه تطبیق شد
138,32730,پزشکی,علوم پزشکی زنجان,روزانه,1405,نیازمند اقامت؛ فاقد خوابگاه,91,کد، رشته و نوع دوره با دفترچه تطبیق شد
139,31830,پزشکی,علوم پزشکی اصفهان,روزانه,1405,پشتیبان نهایی؛ برای شهر دور، فقط با حل اقامت,55,کد، رشته و نوع دوره با دفترچه تطبیق شد
140,31833,پزشکی,علوم پزشکی اصفهان,روزانه,1405,پشتیبان نهایی؛ برای شهر دور، فقط با حل اقامت,56,کد، رشته و نوع دوره با دفترچه تطبیق شد
141,32086,پزشکی,علوم پزشکی ایران,روزانه,1405,پشتیبان نهایی؛ برای شهر دور، فقط با حل اقامت,69,کد، رشته و نوع دوره با دفترچه تطبیق شد
142,32088,پزشکی,علوم پزشکی ایران,روزانه,1405,پشتیبان نهایی؛ برای شهر دور، فقط با حل اقامت,69,کد، رشته و نوع دوره با دفترچه تطبیق شد
143,32119,پزشکی,علوم پزشکی تهران,روزانه,1405,پشتیبان نهایی؛ برای شهر دور، فقط با حل اقامت,70,کد، رشته و نوع دوره با دفترچه تطبیق شد
144,32122,پزشکی,علوم پزشکی تهران,روزانه,1405,پشتیبان نهایی؛ برای شهر دور، فقط با حل اقامت,71,کد، رشته و نوع دوره با دفترچه تطبیق شد
145,32156,پزشکی,علوم پزشکی شهیدبهشتی,روزانه,1405,پشتیبان نهایی؛ برای شهر دور، فقط با حل اقامت,72,کد، رشته و نوع دوره با دفترچه تطبیق شد
146,32159,پزشکی,علوم پزشکی شهیدبهشتی,روزانه,1405,پشتیبان نهایی؛ برای شهر دور، فقط با حل اقامت,72,کد، رشته و نوع دوره با دفترچه تطبیق شد
147,32441,پزشکی,علوم پزشکی مشهد,روزانه,1405,پشتیبان نهایی؛ برای شهر دور، فقط با حل اقامت,81,کد، رشته و نوع دوره با دفترچه تطبیق شد
148,32443,پزشکی,علوم پزشکی مشهد,روزانه,1405,پشتیبان نهایی؛ برای شهر دور، فقط با حل اقامت,81,کد، رشته و نوع دوره با دفترچه تطبیق شد
149,32959,پزشکی,علوم پزشکی شیراز,روزانه,1405,پشتیبان نهایی؛ برای شهر دور، فقط با حل اقامت,102,کد، رشته و نوع دوره با دفترچه تطبیق شد
150,32962,پزشکی,علوم پزشکی شیراز,روزانه,1405,پشتیبان نهایی؛ برای شهر دور، فقط با حل اقامت,103,کد، رشته و نوع دوره با دفترچه تطبیق شد
