اولویت,کدرشته‌محل,رشته,دانشگاه,دوره,شروع,شرط/یادداشت
1,31606,دندان‌پزشکی,علوم پزشکی تبریز,روزانه,1405,روزانهٔ عادی؛ برای شهر دور، فقط با حل اقامت
2,31706,دندان‌پزشکی,علوم پزشکی ارومیه,روزانه,1405,روزانهٔ عادی؛ برای شهر دور، فقط با حل اقامت
3,31782,دندان‌پزشکی,علوم پزشکی اردبیل,روزانه,1405,روزانهٔ عادی؛ برای شهر دور، فقط با حل اقامت
4,31783,دندان‌پزشکی,علوم پزشکی اردبیل,روزانه,1405,روزانهٔ عادی؛ برای شهر دور، فقط با حل اقامت
5,32733,دندان‌پزشکی,علوم پزشکی زنجان,روزانه,1405,روزانهٔ عادی؛ برای شهر دور، فقط با حل اقامت
6,32124,دندان‌پزشکی,علوم پزشکی تهران,روزانه,1405,روزانهٔ عادی؛ برای شهر دور، فقط با حل اقامت
7,32161,دندان‌پزشکی,علوم پزشکی شهیدبهشتی,روزانه,1405,روزانهٔ عادی؛ برای شهر دور، فقط با حل اقامت
8,32162,دندان‌پزشکی,علوم پزشکی شهیدبهشتی,روزانه,1405,روزانهٔ عادی؛ برای شهر دور، فقط با حل اقامت
9,31835,دندان‌پزشکی,علوم پزشکی اصفهان,روزانه,1405,روزانهٔ عادی؛ برای شهر دور، فقط با حل اقامت
10,32446,دندان‌پزشکی,علوم پزشکی مشهد,روزانه,1405,روزانهٔ عادی؛ برای شهر دور، فقط با حل اقامت
11,32448,دندان‌پزشکی,علوم پزشکی مشهد,روزانه,1405,روزانهٔ عادی؛ برای شهر دور، فقط با حل اقامت
12,32964,دندان‌پزشکی,علوم پزشکی شیراز,روزانه,1405,روزانهٔ عادی؛ برای شهر دور، فقط با حل اقامت
13,33771,دندان‌پزشکی,علوم پزشکی همدان,روزانه,1405,روزانهٔ عادی؛ برای شهر دور، فقط با حل اقامت
14,33847,دندان‌پزشکی,علوم پزشکی یزد,روزانه,1405,روزانهٔ عادی؛ برای شهر دور، فقط با حل اقامت
15,33258,دندان‌پزشکی,علوم پزشکی کرمان,روزانه,1405,روزانهٔ عادی؛ برای شهر دور، فقط با حل اقامت
16,33578,دندان‌پزشکی,علوم پزشکی مازندران ساری,روزانه,1405,روزانهٔ عادی؛ برای شهر دور، فقط با حل اقامت
17,33533,دندان‌پزشکی,علوم پزشکی بابل,روزانه,1405,روزانهٔ عادی؛ برای شهر دور، فقط با حل اقامت
18,33534,دندان‌پزشکی,علوم پزشکی بابل,روزانه,1405,روزانهٔ عادی؛ برای شهر دور، فقط با حل اقامت
19,33099,دندان‌پزشکی,علوم پزشکی قزوین,روزانه,1405,روزانهٔ عادی؛ برای شهر دور، فقط با حل اقامت
20,33637,دندان‌پزشکی,علوم پزشکی اراک,روزانه,1405,روزانهٔ عادی؛ برای شهر دور، فقط با حل اقامت
21,33323,دندان‌پزشکی,علوم پزشکی کرمانشاه,روزانه,1405,روزانهٔ عادی؛ برای شهر دور، فقط با حل اقامت
22,33156,دندان‌پزشکی,علوم پزشکی کردستان سنندج,روزانه,1405,روزانهٔ عادی؛ برای شهر دور، فقط با حل اقامت
23,33373,دندان‌پزشکی,علوم پزشکی یاسوج,روزانه,1405,روزانهٔ عادی؛ برای شهر دور، فقط با حل اقامت
24,33396,دندان‌پزشکی,علوم پزشکی گلستان گرگان,روزانه,1405,روزانهٔ عادی؛ برای شهر دور، فقط با حل اقامت
25,33430,دندان‌پزشکی,علوم پزشکی گیلان رشت,روزانه,1405,روزانهٔ عادی؛ برای شهر دور، فقط با حل اقامت
26,33431,دندان‌پزشکی,علوم پزشکی گیلان رشت,روزانه,1405,روزانهٔ عادی؛ برای شهر دور، فقط با حل اقامت
27,31889,دندان‌پزشکی,علوم پزشکی کاشان,روزانه,1405,روزانهٔ عادی؛ برای شهر دور، فقط با حل اقامت
28,33524,دندان‌پزشکی,علوم پزشکی لرستان خرم‌آباد,روزانه,1405,روزانهٔ عادی؛ برای شهر دور، فقط با حل اقامت
29,33124,دندان‌پزشکی,علوم پزشکی قم,روزانه,1405,روزانهٔ عادی؛ برای شهر دور، فقط با حل اقامت
30,31995,دندان‌پزشکی,علوم پزشکی بوشهر,روزانه,1405,روزانهٔ عادی؛ برای شهر دور، فقط با حل اقامت
31,32776,دندان‌پزشکی,علوم پزشکی سمنان,روزانه,1405,روزانهٔ عادی؛ برای شهر دور، فقط با حل اقامت
32,31962,دندان‌پزشکی,علوم پزشکی ایلام,روزانه,1405,روزانهٔ عادی؛ برای شهر دور، فقط با حل اقامت
33,32245,دندان‌پزشکی,علوم پزشکی شهرکرد,روزانه,1405,روزانهٔ عادی؛ برای شهر دور، فقط با حل اقامت
34,32284,دندان‌پزشکی,علوم پزشکی بیرجند,روزانه,1405,روزانهٔ عادی؛ برای شهر دور، فقط با حل اقامت
35,32285,دندان‌پزشکی,علوم پزشکی بیرجند,روزانه,1405,روزانهٔ عادی؛ برای شهر دور، فقط با حل اقامت
36,32882,دندان‌پزشکی,علوم پزشکی زاهدان,روزانه,1405,روزانهٔ عادی؛ برای شهر دور، فقط با حل اقامت
37,32883,دندان‌پزشکی,علوم پزشکی زاهدان,روزانه,1405,روزانهٔ عادی؛ برای شهر دور، فقط با حل اقامت
38,32884,دندان‌پزشکی,علوم پزشکی زاهدان,روزانه,1405,روزانهٔ عادی؛ برای شهر دور، فقط با حل اقامت
39,32589,دندان‌پزشکی,جندی‌شاپور اهواز,روزانه,1405,روزانهٔ عادی؛ برای شهر دور، فقط با حل اقامت
40,32541,دندان‌پزشکی,علوم پزشکی بجنورد,روزانه,1405,روزانهٔ عادی؛ برای شهر دور، فقط با حل اقامت
41,33724,دندان‌پزشکی,علوم پزشکی هرمزگان بندرعباس,روزانه,1405,روزانهٔ عادی؛ برای شهر دور، فقط با حل اقامت
42,33892,دندان‌پزشکی,علوم پزشکی تبریز,روزانه,مهر 1406,شروع مهر ۱۴۰۶؛ فقط با پذیرش تأخیر یک‌ساله
43,33898,دندان‌پزشکی,علوم پزشکی ارومیه,روزانه,مهر 1406,شروع مهر ۱۴۰۶؛ فقط با پذیرش تأخیر یک‌ساله
44,33926,دندان‌پزشکی,علوم پزشکی تهران,روزانه,مهر 1406,شروع مهر ۱۴۰۶؛ فقط با پذیرش تأخیر یک‌ساله
45,33928,دندان‌پزشکی,علوم پزشکی شهیدبهشتی,روزانه,مهر 1406,شروع مهر ۱۴۰۶؛ فقط با پذیرش تأخیر یک‌ساله
46,33905,دندان‌پزشکی,علوم پزشکی اصفهان,روزانه,مهر 1406,شروع مهر ۱۴۰۶؛ فقط با پذیرش تأخیر یک‌ساله
47,33939,دندان‌پزشکی,علوم پزشکی مشهد,روزانه,مهر 1406,شروع مهر ۱۴۰۶؛ فقط با پذیرش تأخیر یک‌ساله
48,33965,دندان‌پزشکی,علوم پزشکی شیراز,روزانه,مهر 1406,شروع مهر ۱۴۰۶؛ فقط با پذیرش تأخیر یک‌ساله
49,33972,دندان‌پزشکی,علوم پزشکی قزوین,روزانه,مهر 1406,شروع مهر ۱۴۰۶؛ فقط با پذیرش تأخیر یک‌ساله
50,33979,دندان‌پزشکی,علوم پزشکی کردستان سنندج,روزانه,مهر 1406,شروع مهر ۱۴۰۶؛ فقط با پذیرش تأخیر یک‌ساله
51,33987,دندان‌پزشکی,علوم پزشکی کرمان,روزانه,مهر 1406,شروع مهر ۱۴۰۶؛ فقط با پذیرش تأخیر یک‌ساله
52,33992,دندان‌پزشکی,علوم پزشکی کرمانشاه,روزانه,مهر 1406,شروع مهر ۱۴۰۶؛ فقط با پذیرش تأخیر یک‌ساله
53,33998,دندان‌پزشکی,علوم پزشکی گلستان گرگان,روزانه,مهر 1406,شروع مهر ۱۴۰۶؛ فقط با پذیرش تأخیر یک‌ساله
54,34018,دندان‌پزشکی,علوم پزشکی همدان,روزانه,مهر 1406,شروع مهر ۱۴۰۶؛ فقط با پذیرش تأخیر یک‌ساله
55,34021,دندان‌پزشکی,علوم پزشکی یزد,روزانه,مهر 1406,شروع مهر ۱۴۰۶؛ فقط با پذیرش تأخیر یک‌ساله
56,33984,دندان‌پزشکی,علوم پزشکی رفسنجان,روزانه,مهر 1406,شروع مهر ۱۴۰۶؛ فقط با پذیرش تأخیر یک‌ساله
57,34009,دندان‌پزشکی,علوم پزشکی اراک,روزانه,مهر 1406,شروع مهر ۱۴۰۶؛ فقط با پذیرش تأخیر یک‌ساله
58,34002,دندان‌پزشکی,علوم پزشکی لرستان خرم‌آباد,روزانه,مهر 1406,شروع مهر ۱۴۰۶؛ فقط با پذیرش تأخیر یک‌ساله
59,33954,دندان‌پزشکی,علوم پزشکی زنجان,روزانه,مهر 1406,شروع مهر ۱۴۰۶؛ فقط با پذیرش تأخیر یک‌ساله
60,33920,دندان‌پزشکی,علوم پزشکی بوشهر,روزانه,مهر 1406,شروع مهر ۱۴۰۶؛ فقط با پذیرش تأخیر یک‌ساله
61,38602,دندان‌پزشکی تعهدی,علوم پزشکی تبریز,تعهد خدمت,1405,فقط با پذیرش تعهد خدمت ۱٫۵ برابر؛ اولویت بومی آذربایجان شرقی
62,31635,دندان‌پزشکی,علوم پزشکی تبریز,شهریه‌پرداز,1405,فقط پس از استعلام کتبی شهریه و تأیید بودجه
63,31699,دندان‌پزشکی,آزاد علوم پزشکی تبریز,آزاد تمام‌وقت,1405,فقط با بودجهٔ قطعی چندساله
64,31701,دندان‌پزشکی,آزاد علوم پزشکی تبریز,خودگردان آزاد,1405,فقط با بودجهٔ قطعی؛ پرهزینه‌ترین پشتیبان تبریز
65,33894,دندان‌پزشکی,علوم پزشکی تبریز,شهریه‌پرداز,مهر 1406,تأخیر یک‌ساله + شهریه؛ فقط با تأیید صریح
66,33900,دندان‌پزشکی,علوم پزشکی ارومیه,شهریه‌پرداز,مهر 1406,تأخیر یک‌ساله + اقامت + شهریه؛ فقط با تأیید صریح
67,31884,دندان‌پزشکی,علوم پزشکی اصفهان,شهریه‌پرداز,1405,پشتیبان پرداختیِ دور؛ خوابگاه را قطعی فرض نکنید
68,31922,دندان‌پزشکی,آزاد اصفهان ـ خوراسگان,آزاد تمام‌وقت,1405,پشتیبان پرداختیِ دور
69,31923,دندان‌پزشکی,آزاد اصفهان ـ خوراسگان,آزاد تمام‌وقت,1405,پشتیبان پرداختیِ دور / نیمسال دیگر
70,32194,دندان‌پزشکی,علوم پزشکی شهیدبهشتی,شهریه‌پرداز,1405,پشتیبان پرداختیِ دور
71,32195,دندان‌پزشکی,علوم پزشکی شهیدبهشتی,شهریه‌پرداز,1405,پشتیبان پرداختیِ دور / نیمسال دیگر
72,32233,دندان‌پزشکی,آزاد پزشکی تهران,آزاد تمام‌وقت,1405,پشتیبان پرداختیِ دور
73,32234,دندان‌پزشکی,آزاد پزشکی تهران,آزاد تمام‌وقت,1405,پشتیبان پرداختیِ دور / نیمسال دیگر
74,31622,فیزیوتراپی,علوم پزشکی تبریز,روزانه,1405,پشتیبان پس از تمام دندان‌پزشکی‌ها
75,32142,فیزیوتراپی,علوم پزشکی تهران,روزانه,1405,پشتیبان پس از تمام دندان‌پزشکی‌ها
76,32184,فیزیوتراپی,علوم پزشکی شهیدبهشتی,روزانه,1405,پشتیبان پس از تمام دندان‌پزشکی‌ها
77,32102,فیزیوتراپی,علوم پزشکی ایران,روزانه,1405,پشتیبان پس از تمام دندان‌پزشکی‌ها
78,32220,فیزیوتراپی,علوم توانبخشی و سلامت اجتماعی تهران,روزانه,1405,پشتیبان پس از تمام دندان‌پزشکی‌ها
79,31853,فیزیوتراپی,علوم پزشکی اصفهان,روزانه,1405,پشتیبان پس از تمام دندان‌پزشکی‌ها
80,32463,فیزیوتراپی,علوم پزشکی مشهد,روزانه,1405,پشتیبان پس از تمام دندان‌پزشکی‌ها
81,32981,فیزیوتراپی,علوم پزشکی شیراز,روزانه,1405,پشتیبان پس از تمام دندان‌پزشکی‌ها
82,33270,فیزیوتراپی,علوم پزشکی کرمان,روزانه,1405,پشتیبان پس از تمام دندان‌پزشکی‌ها
83,33338,فیزیوتراپی,علوم پزشکی کرمانشاه,روزانه,1405,پشتیبان پس از تمام دندان‌پزشکی‌ها
84,33787,فیزیوتراپی,علوم پزشکی همدان,روزانه,1405,پشتیبان پس از تمام دندان‌پزشکی‌ها
85,33850,فیزیوتراپی,علوم پزشکی یزد,روزانه,1405,پشتیبان پس از تمام دندان‌پزشکی‌ها
86,33548,فیزیوتراپی,علوم پزشکی بابل,روزانه,1405,پشتیبان پس از تمام دندان‌پزشکی‌ها
87,32780,فیزیوتراپی,علوم پزشکی سمنان,روزانه,1405,پشتیبان پس از تمام دندان‌پزشکی‌ها
88,32605,فیزیوتراپی,جندی‌شاپور اهواز,روزانه,1405,پشتیبان پس از تمام دندان‌پزشکی‌ها
89,32901,فیزیوتراپی,علوم پزشکی زاهدان,روزانه,1405,پشتیبان پس از تمام دندان‌پزشکی‌ها
90,31604,داروسازی,علوم پزشکی تبریز,روزانه,1405,تبریز؛ نیمسال اول
91,31605,داروسازی,علوم پزشکی تبریز,روزانه,1405,تبریز؛ نیمسال دیگر
92,31705,داروسازی,علوم پزشکی ارومیه,روزانه,1405,نیازمند اقامت؛ خوابگاه تضمین نیست
93,31781,داروسازی,علوم پزشکی اردبیل,روزانه,1405,نیازمند اقامت؛ فاقد خوابگاه
94,32731,داروسازی,علوم پزشکی زنجان,روزانه,1405,نیازمند اقامت؛ فاقد خوابگاه
95,32732,داروسازی,علوم پزشکی زنجان,روزانه,1405,نیازمند اقامت؛ فاقد خوابگاه / نیمسال دیگر
96,31834,داروسازی,علوم پزشکی اصفهان,روزانه,1405,پشتیبان روزانه
97,31932,داروسازی,علوم پزشکی البرز ـ کرج,روزانه,1405,پشتیبان روزانه؛ فاقد خوابگاه
98,32089,داروسازی,علوم پزشکی ایران,روزانه,1405,پشتیبان روزانه
99,32123,داروسازی,علوم پزشکی تهران,روزانه,1405,پشتیبان روزانه
100,32160,داروسازی,علوم پزشکی شهیدبهشتی,روزانه,1405,پشتیبان روزانه
101,32283,داروسازی,علوم پزشکی شهرکرد,روزانه,1405,پشتیبان روزانه
102,32444,داروسازی,علوم پزشکی مشهد,روزانه,1405,پشتیبان روزانه
103,32445,داروسازی,علوم پزشکی مشهد,روزانه,1405,پشتیبان روزانه / نیمسال دیگر
104,32963,داروسازی,علوم پزشکی شیراز,روزانه,1405,پشتیبان روزانه
105,33322,داروسازی,علوم پزشکی کرمانشاه,روزانه,1405,پشتیبان روزانه
106,33464,داروسازی,علوم پزشکی گیلان ـ رشت,روزانه,1405,پشتیبان روزانه
107,33723,داروسازی,علوم پزشکی هرمزگان ـ بندرعباس,روزانه,1405,پشتیبان روزانه؛ فاقد خوابگاه
108,33770,داروسازی,علوم پزشکی همدان,روزانه,1405,پشتیبان روزانه
109,33846,داروسازی,دانشکده علوم پزشکی اسدآباد,روزانه,1405,پشتیبان روزانه؛ عدم تعهد خوابگاه
110,31633,داروسازی,علوم پزشکی تبریز,شهریه‌پرداز,1405,فقط با تأیید بودجه
111,31634,داروسازی,علوم پزشکی تبریز,شهریه‌پرداز,1405,فقط با تأیید بودجه / نیمسال دیگر
112,31725,داروسازی,علوم پزشکی ارومیه,شهریه‌پرداز,1405,فقط با بودجه و برنامه اقامت
113,31863,داروسازی,علوم پزشکی اصفهان,شهریه‌پرداز,1405,پشتیبان پرداختی
114,32111,داروسازی,علوم پزشکی ایران,شهریه‌پرداز,1405,پشتیبان پرداختی
115,32149,داروسازی,علوم پزشکی تهران,شهریه‌پرداز,1405,پشتیبان پرداختی
116,32193,داروسازی,علوم پزشکی شهیدبهشتی,شهریه‌پرداز,1405,پشتیبان پرداختی
117,32231,داروسازی,آزاد پزشکی تهران,آزاد تمام‌وقت,1405,پشتیبان پرداختی
118,32232,داروسازی,آزاد پزشکی تهران,آزاد تمام‌وقت,1405,پشتیبان پرداختی / نیمسال دیگر
119,32238,داروسازی,آزاد پزشکی تهران,خودگردان آزاد,1405,پشتیبان پرداختیِ پرهزینه
120,32239,داروسازی,آزاد پزشکی تهران,خودگردان آزاد,1405,پشتیبان پرداختیِ پرهزینه / نیمسال دیگر
121,32301,داروسازی,علوم پزشکی شهرکرد,شهریه‌پرداز,1405,پشتیبان پرداختی
122,32470,داروسازی,علوم پزشکی مشهد,شهریه‌پرداز,1405,پشتیبان پرداختی
123,32471,داروسازی,علوم پزشکی مشهد,شهریه‌پرداز,1405,پشتیبان پرداختی / نیمسال دیگر
124,32991,داروسازی,علوم پزشکی شیراز,شهریه‌پرداز,1405,پشتیبان پرداختی
125,33278,داروسازی,علوم پزشکی کرمان,شهریه‌پرداز,1405,پشتیبان پرداختی
126,33347,داروسازی,علوم پزشکی کرمانشاه,شهریه‌پرداز,1405,پشتیبان پرداختی
127,33626,داروسازی,علوم پزشکی مازندران ـ ساری,شهریه‌پرداز,1405,پشتیبان پرداختی
128,33628,داروسازی,آزاد آیت‌الله آملی,آزاد تمام‌وقت,1405,پشتیبان پرداختی
129,33797,داروسازی,علوم پزشکی همدان,شهریه‌پرداز,1405,پشتیبان پرداختی
130,33886,داروسازی,علوم پزشکی یزد,شهریه‌پرداز,1405,پشتیبان پرداختی
131,31601,پزشکی,علوم پزشکی تبریز,روزانه,1405,پشتیبان نهایی؛ برای شهر دور، فقط با حل اقامت
132,31603,پزشکی,علوم پزشکی تبریز,روزانه,1405,پشتیبان نهایی؛ برای شهر دور، فقط با حل اقامت
133,31702,پزشکی,علوم پزشکی ارومیه,روزانه,1405,پشتیبان نهایی؛ برای شهر دور، فقط با حل اقامت
134,31704,پزشکی,علوم پزشکی ارومیه,روزانه,1405,پشتیبان نهایی؛ برای شهر دور، فقط با حل اقامت
135,31779,پزشکی,علوم پزشکی اردبیل,روزانه,1405,پشتیبان نهایی؛ برای شهر دور، فقط با حل اقامت
136,31780,پزشکی,علوم پزشکی اردبیل,روزانه,1405,پشتیبان نهایی؛ برای شهر دور، فقط با حل اقامت
137,32728,پزشکی,علوم پزشکی زنجان,روزانه,1405,نیازمند اقامت؛ فاقد خوابگاه
138,32730,پزشکی,علوم پزشکی زنجان,روزانه,1405,نیازمند اقامت؛ فاقد خوابگاه
139,31830,پزشکی,علوم پزشکی اصفهان,روزانه,1405,پشتیبان نهایی؛ برای شهر دور، فقط با حل اقامت
140,31833,پزشکی,علوم پزشکی اصفهان,روزانه,1405,پشتیبان نهایی؛ برای شهر دور، فقط با حل اقامت
141,32086,پزشکی,علوم پزشکی ایران,روزانه,1405,پشتیبان نهایی؛ برای شهر دور، فقط با حل اقامت
142,32088,پزشکی,علوم پزشکی ایران,روزانه,1405,پشتیبان نهایی؛ برای شهر دور، فقط با حل اقامت
143,32119,پزشکی,علوم پزشکی تهران,روزانه,1405,پشتیبان نهایی؛ برای شهر دور، فقط با حل اقامت
144,32122,پزشکی,علوم پزشکی تهران,روزانه,1405,پشتیبان نهایی؛ برای شهر دور، فقط با حل اقامت
145,32156,پزشکی,علوم پزشکی شهیدبهشتی,روزانه,1405,پشتیبان نهایی؛ برای شهر دور، فقط با حل اقامت
146,32159,پزشکی,علوم پزشکی شهیدبهشتی,روزانه,1405,پشتیبان نهایی؛ برای شهر دور، فقط با حل اقامت
147,32441,پزشکی,علوم پزشکی مشهد,روزانه,1405,پشتیبان نهایی؛ برای شهر دور، فقط با حل اقامت
148,32443,پزشکی,علوم پزشکی مشهد,روزانه,1405,پشتیبان نهایی؛ برای شهر دور، فقط با حل اقامت
149,32959,پزشکی,علوم پزشکی شیراز,روزانه,1405,پشتیبان نهایی؛ برای شهر دور، فقط با حل اقامت
150,32962,پزشکی,علوم پزشکی شیراز,روزانه,1405,پشتیبان نهایی؛ برای شهر دور، فقط با حل اقامت
