اولویت,کدرشته‌محل,رشته,دانشگاه,دوره,شروع,وضعیت ثبت,یادداشت
1,31606,دندان‌پزشکی,علوم پزشکی تبریز,روزانه,1405,اصلی,بهترین گزینه برای رفت‌وآمد روزانه از مرند
2,31706,دندان‌پزشکی,علوم پزشکی ارومیه,روزانه,1405,اصلی,عدم تعهد واگذاری خوابگاه؛ فقط با پذیرش اقامت
3,31782,دندان‌پزشکی,علوم پزشکی اردبیل,روزانه,1405,اصلی,فاقد خوابگاه؛ فقط با پذیرش اقامت
4,31783,دندان‌پزشکی,علوم پزشکی اردبیل,روزانه,1405,اصلی,فاقد خوابگاه؛ نیمسال دیگر؛ فقط با پذیرش اقامت
5,32733,دندان‌پزشکی,علوم پزشکی زنجان,روزانه,1405,اصلی,فاقد خوابگاه؛ فقط با پذیرش اقامت
6,33892,دندان‌پزشکی,علوم پزشکی تبریز,روزانه,مهر 1406,مشروط,فقط اگر یک سال تأخیر پذیرفتنی است
7,33898,دندان‌پزشکی,علوم پزشکی ارومیه,روزانه,مهر 1406,مشروط,فقط اگر تأخیر و اقامت پذیرفتنی است
8,38602,دندان‌پزشکی تعهدی,علوم پزشکی تبریز,تعهد خدمت,1405,مشروط,اولویت بومی آذربایجان شرقی؛ تعهد 1.5 برابر طول تحصیل
9,31635,دندان‌پزشکی,علوم پزشکی تبریز,شهریه‌پرداز,1405,مشروط,فقط بعد از استعلام کتبی شهریه و تأیید بودجه
10,31699,دندان‌پزشکی,دانشگاه آزاد علوم پزشکی تبریز,آزاد تمام‌وقت,1405,مشروط,فقط با بودجه قطعی چندساله
11,31701,دندان‌پزشکی,دانشگاه آزاد علوم پزشکی تبریز,خودگردان آزاد,1405,مشروط,فقط با بودجه قطعی؛ پرهزینه‌ترین گزینه
12,31622,فیزیوتراپی,علوم پزشکی تبریز,روزانه,1405,اصلی,پشتیبان رایگان بسیار امن و قابل رفت‌وآمد
13,31604,داروسازی,علوم پزشکی تبریز,روزانه,1405,اصلی,نیمسال اول/کد عادی
14,31605,داروسازی,علوم پزشکی تبریز,روزانه,1405,اصلی,نیمسال دیگر/کد عادی
15,31705,داروسازی,علوم پزشکی ارومیه,روزانه,1405,اصلی,نیازمند اقامت
16,31781,داروسازی,علوم پزشکی اردبیل,روزانه,1405,اصلی,نیازمند اقامت
17,32731,داروسازی,علوم پزشکی زنجان,روزانه,1405,اصلی,نیازمند اقامت
18,32732,داروسازی,علوم پزشکی زنجان,روزانه,1405,اصلی,نیازمند اقامت؛ نیمسال دیگر
19,31601,پزشکی,علوم پزشکی تبریز,روزانه,1405,اصلی,کد عادی؛ نه فراجا
20,31603,پزشکی,علوم پزشکی تبریز,روزانه,1405,اصلی,کد عادی؛ نه فراجا
21,31702,پزشکی,علوم پزشکی ارومیه,روزانه,1405,اصلی,نیازمند اقامت
22,31704,پزشکی,علوم پزشکی ارومیه,روزانه,1405,اصلی,نیازمند اقامت؛ نیمسال دیگر
23,31779,پزشکی,علوم پزشکی اردبیل,روزانه,1405,اصلی,فاقد خوابگاه؛ نیازمند اقامت
24,31780,پزشکی,علوم پزشکی اردبیل,روزانه,1405,اصلی,فاقد خوابگاه؛ نیازمند اقامت؛ نیمسال دیگر
25,32728,پزشکی,علوم پزشکی زنجان,روزانه,1405,اصلی,فاقد خوابگاه؛ نیازمند اقامت
26,32730,پزشکی,علوم پزشکی زنجان,روزانه,1405,اصلی,فاقد خوابگاه؛ نیازمند اقامت
